<?xml version="1.0" encoding="utf-8"?>
<oryxmodel>
<description></description>
<type>BPMN 2.0</type>
<json-representation><![CDATA[{"resourceId":"canvas","properties":{"name":"Task assignee example","documentation":"","auditing":"","monitoring":"","version":"","author":"","language":"English","namespaces":"","targetnamespace":"http://www.signavio.com/bpmn20","expressionlanguage":"http://www.w3.org/1999/XPath","typelanguage":"http://www.w3.org/2001/XMLSchema","creationdate":"","modificationdate":""},"stencil":{"id":"BPMNDiagram"},"childShapes":[{"resourceId":"sid-CB746B53-1762-40BE-B00C-C3598982F84A","properties":{"name":"","documentation":"","auditing":"","monitoring":"","dataoutputassociations":"","dataoutput":"","outputset":"","bgcolor":"#ffffff","trigger":"None"},"stencil":{"id":"StartNoneEvent"},"childShapes":[],"outgoing":[{"resourceId":"sid-7033747D-1702-437C-BB3D-4519E40CBE8C"}],"bounds":{"lowerRight":{"x":150,"y":242},"upperLeft":{"x":120,"y":212}},"dockers":[]},{"resourceId":"sid-E705C0E0-603F-4B76-92EF-77AD669A157E","properties":{"name":"Schedule meeting","documentation":"Schedule an engineering meeting for next week with the new hire.","auditing":"","monitoring":"","categories":"","startquantity":1,"completionquantity":1,"isforcompensation":"","assignments":"","callacitivity":"","tasktype":"User","implementation":"unspecified","resources":{"totalCount":1,"items":[{"resource_type":"HumanPerformer","resource":"","resourceassignmentexpr":"kermit","language":"","evaluatestotype":""}]},"messageref":"","operationref":"","instantiate":"","script":"","scriptformat":"","bgcolor":"#ffffcc","looptype":"None","testbefore":"","loopcondition":"","loopmaximum":"","loopcardinality":"","loopdatainput":"","loopdataoutput":"","inputdataitem":"","outputdataitem":"","behavior":"all","complexbehaviordefinition":"","completioncondition":"","onebehavioreventref:":"signal","nonebehavioreventref":"signal","properties":"","datainputset":"","dataoutputset":"","operationname":"","inmessagename":"","inmsgitemkind":"Information","inmsgstructure":"","inmsgimport":"","inmsgiscollection":"","outmessagename":"","outmsgitemkind":"Information","outmsgstructure":"","outmsgimport":"","outmsgiscollection":""},"stencil":{"id":"Task"},"childShapes":[],"outgoing":[{"resourceId":"sid-51E9BCEF-A523-42C8-A23B-81097EB5020A"}],"bounds":{"lowerRight":{"x":293,"y":267},"upperLeft":{"x":193,"y":187}},"dockers":[]},{"resourceId":"sid-7033747D-1702-437C-BB3D-4519E40CBE8C","properties":{"name":"","documentation":"","auditing":"","monitoring":"","conditiontype":"None","conditionexpression":"","isimmediate":"","showdiamondmarker":""},"stencil":{"id":"SequenceFlow"},"childShapes":[],"outgoing":[{"resourceId":"sid-E705C0E0-603F-4B76-92EF-77AD669A157E"}],"bounds":{"lowerRight":{"x":192.21875,"y":227},"upperLeft":{"x":150.34375,"y":227}},"dockers":[{"x":15,"y":15},{"x":50,"y":40}],"target":{"resourceId":"sid-E705C0E0-603F-4B76-92EF-77AD669A157E"}},{"resourceId":"sid-82B7B2F7-E2F1-4354-81E0-8CCDA763A362","properties":{"name":"","documentation":"","auditing":"","monitoring":"","datainputassociations":"","datainput":"","inputset":"","bgcolor":"#ffffff","trigger":"None"},"stencil":{"id":"EndNoneEvent"},"childShapes":[],"outgoing":[],"bounds":{"lowerRight":{"x":372,"y":241},"upperLeft":{"x":344,"y":213}},"dockers":[]},{"resourceId":"sid-51E9BCEF-A523-42C8-A23B-81097EB5020A","properties":{"name":"","documentation":"","auditing":"","monitoring":"","conditiontype":"None","conditionexpression":"","isimmediate":"","showdiamondmarker":""},"stencil":{"id":"SequenceFlow"},"childShapes":[],"outgoing":[{"resourceId":"sid-82B7B2F7-E2F1-4354-81E0-8CCDA763A362"}],"bounds":{"lowerRight":{"x":343.5234375,"y":227},"upperLeft":{"x":293.4140625,"y":227}},"dockers":[{"x":50,"y":40},{"x":14,"y":14}],"target":{"resourceId":"sid-82B7B2F7-E2F1-4354-81E0-8CCDA763A362"}}],"bounds":{"lowerRight":{"x":1485,"y":1050},"upperLeft":{"x":0,"y":0}},"stencilset":{"url":"/activiti-modeler/editor/stencilsets//bpmn2.0/bpmn2.0.json","namespace":"http://b3mn.org/stencilset/bpmn2.0#"},"ssextensions":[]}]]></json-representation>
<svg-representation><![CDATA[<svg xmlns="http://www.w3.org/2000/svg" xmlns:oryx="http://oryx-editor.org" id="sid-D0853B8D-D6F0-47A8-BE7E-66B8814B6BA7" width="302" height="130" xmlns:xlink="http://www.w3.org/1999/xlink" xmlns:svg="http://www.w3.org/2000/svg"><defs><marker id="sid-2E48E4D4-8380-40CB-BD83-FD7E77DC848Fstart" refX="1" refY="5" markerUnits="userSpaceOnUse" markerWidth="17" markerHeight="11" orient="auto">      <path id="sid-2E48E4D4-8380-40CB-BD83-FD7E77DC848Fconditional" d="M 0 5 L 8 0 L 16 5 L 8 10 L 0 5" fill="white" stroke="black" stroke-width="1" display="none"/>    <path id="sid-2E48E4D4-8380-40CB-BD83-FD7E77DC848Fdefault" d="M 5 0 L 11 10" fill="white" stroke="black" stroke-width="1" display="none"/>     </marker><marker id="sid-2E48E4D4-8380-40CB-BD83-FD7E77DC848Fend" refX="15" refY="6" markerUnits="userSpaceOnUse" markerWidth="15" markerHeight="12" orient="auto">      <path d="M 0 1 L 15 6 L 0 11z" fill="black" stroke="black" stroke-linejoin="round" stroke-width="2" id="sid-2E48E4D4-8380-40CB-BD83-FD7E77DC848F_sid-2E48E4D4-8380-40CB-BD83-FD7E77DC848F_2"/>     </marker><marker id="sid-CB3E4EB3-2352-4054-A9C4-8B4DCAF63D43start" refX="1" refY="5" markerUnits="userSpaceOnUse" markerWidth="17" markerHeight="11" orient="auto">      <path id="sid-CB3E4EB3-2352-4054-A9C4-8B4DCAF63D43conditional" d="M 0 5 L 8 0 L 16 5 L 8 10 L 0 5" fill="white" stroke="black" stroke-width="1" display="none"/>    <path id="sid-CB3E4EB3-2352-4054-A9C4-8B4DCAF63D43default" d="M 5 0 L 11 10" fill="white" stroke="black" stroke-width="1" display="none"/>     </marker><marker id="sid-CB3E4EB3-2352-4054-A9C4-8B4DCAF63D43end" refX="15" refY="6" markerUnits="userSpaceOnUse" markerWidth="15" markerHeight="12" orient="auto">      <path d="M 0 1 L 15 6 L 0 11z" fill="black" stroke="black" stroke-linejoin="round" stroke-width="2" id="sid-CB3E4EB3-2352-4054-A9C4-8B4DCAF63D43_sid-CB3E4EB3-2352-4054-A9C4-8B4DCAF63D43_2"/>     </marker></defs><g stroke="black" font-family="Verdana, sans-serif" font-size-adjust="none" font-style="normal" font-variant="normal" font-weight="normal" line-heigth="normal" font-size="12"><g class="stencils" transform="translate(-95, -162)"><g class="me"/><g class="children"><g id="svg-sid-CB746B53-1762-40BE-B00C-C3598982F84A"><g class="stencils" transform="translate(120, 212)"><g class="me"><g pointer-events="fill" id="sid-6EC904A6-EBFD-48A8-83E5-8DAB6B5CF593" title="Start Event">        <defs id="sid-6EC904A6-EBFD-48A8-83E5-8DAB6B5CF593_sid-6EC904A6-EBFD-48A8-83E5-8DAB6B5CF593_5">   <radialGradient id="sid-6EC904A6-EBFD-48A8-83E5-8DAB6B5CF593background" cx="10%" cy="10%" r="100%" fx="10%" fy="10%">    <stop offset="0%" stop-color="#ffffff" stop-opacity="1" id="sid-6EC904A6-EBFD-48A8-83E5-8DAB6B5CF593_sid-6EC904A6-EBFD-48A8-83E5-8DAB6B5CF593_6"/>    <stop id="sid-6EC904A6-EBFD-48A8-83E5-8DAB6B5CF593fill_el" offset="100%" stop-color="#ffffff" stop-opacity="1"/>   </radialGradient>  </defs>       <circle id="sid-6EC904A6-EBFD-48A8-83E5-8DAB6B5CF593bg_frame" cx="15" cy="15" r="15" stroke="black" fill="url(#sid-6EC904A6-EBFD-48A8-83E5-8DAB6B5CF593background) white" stroke-width="1"/>  <text font-size="11" id="sid-6EC904A6-EBFD-48A8-83E5-8DAB6B5CF593text_name" x="15" y="32" oryx:align="top center" stroke="black" stroke-width="0pt" letter-spacing="-0.01px" transform="rotate(0, 15, 32)" oryx:fontSize="11" text-anchor="middle"/>   </g></g><g class="children" style="overflow: hidden;"/><g class="edge"/></g><g class="controls"><g class="dockers"/><g class="magnets" transform="translate(120, 212)"><g pointer-events="all" display="none" transform="translate(7, 7)"><circle cx="8" cy="8" r="4" stroke="none" fill="red" fill-opacity="0.3"/></g></g></g></g><g id="svg-sid-E705C0E0-603F-4B76-92EF-77AD669A157E"><g class="stencils" transform="translate(193, 187)"><g class="me"><g pointer-events="fill" oryx:minimumSize="50 40" id="sid-A1F00BC0-F47B-44A9-A104-30C6CC5492E7" title="Task">    <defs id="sid-A1F00BC0-F47B-44A9-A104-30C6CC5492E7_sid-A1F00BC0-F47B-44A9-A104-30C6CC5492E7_17">   <radialGradient id="sid-A1F00BC0-F47B-44A9-A104-30C6CC5492E7background" cx="10%" cy="10%" r="100%" fx="10%" fy="10%">    <stop offset="0%" stop-color="#ffffff" stop-opacity="1" id="sid-A1F00BC0-F47B-44A9-A104-30C6CC5492E7_sid-A1F00BC0-F47B-44A9-A104-30C6CC5492E7_18"/>    <stop id="sid-A1F00BC0-F47B-44A9-A104-30C6CC5492E7fill_el" offset="100%" stop-color="#ffffcc" stop-opacity="1"/>   </radialGradient>  </defs>    <rect id="sid-A1F00BC0-F47B-44A9-A104-30C6CC5492E7text_frame" oryx:anchors="bottom top right left" x="1" y="1" width="94" height="79" rx="10" ry="10" stroke="none" stroke-width="0" fill="none"/>     <rect id="sid-A1F00BC0-F47B-44A9-A104-30C6CC5492E7callActivity" oryx:resize="vertical horizontal" oryx:anchors="bottom top right left" x="0" y="0" width="100" height="80" rx="10" ry="10" stroke="black" stroke-width="4" fill="none" display="none"/>  <rect id="sid-A1F00BC0-F47B-44A9-A104-30C6CC5492E7bg_frame" oryx:resize="vertical horizontal" x="0" y="0" width="100" height="80" rx="10" ry="10" stroke="black" stroke-width="1" fill="url(#sid-A1F00BC0-F47B-44A9-A104-30C6CC5492E7background) #ffffcc"/>   <text font-size="12" id="sid-A1F00BC0-F47B-44A9-A104-30C6CC5492E7text_name" x="50" y="40" oryx:align="middle center" oryx:fittoelem="text_frame" stroke="black" stroke-width="0pt" letter-spacing="-0.01px" transform="rotate(0, 50, 40)" oryx:fontSize="12" text-anchor="middle"><tspan x="50" y="40" dy="-1" id="ext-gen450">Schedule </tspan><tspan x="50" y="40" dy="11">meeting</tspan></text>     <g id="sid-A1F00BC0-F47B-44A9-A104-30C6CC5492E7manualTask" transform="scale(0.7) translate(8, 8)" display="none">      <path oryx:anchors="top left" id="sid-A1F00BC0-F47B-44A9-A104-30C6CC5492E7hand" style="opacity: 1; fill: none; fill-opacity: 1; stroke: rgb(0, 0, 0); stroke-width: 1;" d="M0.5,3.751l4.083-3.25c0,0,11.166,0.083,12.083,0.083s-2.417,2.917-1.5,2.917     s11.667,0,12.584,0c1.166,1.708-0.168,3.167-0.834,3.667s0.875,1.917-1,4.417c-0.75,0.25,0.75,1.875-1.333,3.333     c-1.167,0.583,0.583,1.542-1.25,2.833c-1.167,0-20.833,0.083-20.833,0.083l-2-1.333V3.751z"/>   <path oryx:anchors="top left" id="sid-A1F00BC0-F47B-44A9-A104-30C6CC5492E7finger" style="opacity: 1; fill: none; stroke: rgb(0, 0, 0); stroke-width: 2;" d="M 13.5 7 L 27 7"/>   <path oryx:anchors="top left" id="sid-A1F00BC0-F47B-44A9-A104-30C6CC5492E7finger1" style="opacity: 1; fill: none; stroke: rgb(0, 0, 0); stroke-width: 2;" d="M 13.5 11 L 26 11"/>   <path oryx:anchors="top left" id="sid-A1F00BC0-F47B-44A9-A104-30C6CC5492E7finger2" style="opacity: 1; fill: none; stroke: rgb(0, 0, 0); stroke-width: 1.5;" d="M 14 14.5 L 25 14.5"/>   <path oryx:anchors="top left" id="sid-A1F00BC0-F47B-44A9-A104-30C6CC5492E7thumb" style="opacity: 1; fill: none; stroke: rgb(0, 0, 0); stroke-width: 1.5;" d="M 8.2 3.1 L 15 3.1"/>  </g>    <g id="sid-A1F00BC0-F47B-44A9-A104-30C6CC5492E7businessRuleTask" transform="scale(0.7) translate(8, 8)" display="none">   <rect oryx:anchors="top left" id="sid-A1F00BC0-F47B-44A9-A104-30C6CC5492E7top" x="0" y="0" width="22" height="4" style="opacity: 1; fill: rgb(179, 177, 179); fill-opacity: 1; stroke: rgb(0, 0, 0);"/>   <rect oryx:anchors="top left" id="sid-A1F00BC0-F47B-44A9-A104-30C6CC5492E7rect" x="0" y="4" style="opacity: 1; fill: none; stroke: rgb(0, 0, 0);" width="22" height="12"/>   <path oryx:anchors="top left" id="sid-A1F00BC0-F47B-44A9-A104-30C6CC5492E7row" style="opacity: 1; fill: none; stroke: rgb(0, 0, 0);" d="M 0 10 L 22 10"/>   <path oryx:anchors="top left" id="sid-A1F00BC0-F47B-44A9-A104-30C6CC5492E7col" style="opacity: 1; fill: none; stroke: rgb(0, 0, 0);" d="M 7 4 L 7 16"/>  </g>    <g id="sid-A1F00BC0-F47B-44A9-A104-30C6CC5492E7scriptTask" transform="scale(0.7) translate(8, 8)" display="none">   <path oryx:anchors="top left" id="sid-A1F00BC0-F47B-44A9-A104-30C6CC5492E7paper" style="opacity: 1; fill: none; stroke: rgb(0, 0, 0);" d="M6.402,0.5h14.5c0,0-5.833,2.833-5.833,5.583s4.417,6,4.417,9.167    s-4.167,5.083-4.167,5.083H0.235c0,0,5-2.667,5-5s-4.583-6.75-4.583-9.25S6.402,0.5,6.402,0.5z"/>   <path oryx:anchors="top left" id="sid-A1F00BC0-F47B-44A9-A104-30C6CC5492E7line1" style="opacity: 1; fill: none; stroke: rgb(0, 0, 0); stroke-width: 1.5;" d="M 3.5 4.5 L 13.5 4.5"/>   <path oryx:anchors="top left" id="sid-A1F00BC0-F47B-44A9-A104-30C6CC5492E7line2" style="opacity: 1; fill: none; stroke: rgb(0, 0, 0); stroke-width: 1.5;" d="M 3.8 8.5 L 13.8 8.5"/>   <path oryx:anchors="top left" id="sid-A1F00BC0-F47B-44A9-A104-30C6CC5492E7line3" style="opacity: 1; fill: none; stroke: rgb(0, 0, 0); stroke-width: 1.5;" d="M 6.3 12.5 L 16.3 12.5"/>   <path oryx:anchors="top left" id="sid-A1F00BC0-F47B-44A9-A104-30C6CC5492E7line4" style="opacity: 1; fill: none; stroke: rgb(0, 0, 0); stroke-width: 1.5;" d="M 6.5 16.5 L 16.5 16.5"/>  </g>    <g id="sid-A1F00BC0-F47B-44A9-A104-30C6CC5492E7userTask" transform="scale(0.7) translate(8, 8)" display="inherit">   <path oryx:anchors="top left" style="opacity: 1; fill: rgb(244, 246, 247); stroke: rgb(0, 0, 0);" d="M0.585,24.167h24.083v-7.833c0,0-2.333-3.917-7.083-5.167h-9.25    c-4.417,1.333-7.833,5.75-7.833,5.75L0.585,24.167z" id="sid-A1F00BC0-F47B-44A9-A104-30C6CC5492E7_sid-A1F00BC0-F47B-44A9-A104-30C6CC5492E7_19"/>   <path oryx:anchors="top left" style="opacity: 1; fill: none; stroke: rgb(0, 0, 0);" d="M 6 20 L 6 24" id="sid-A1F00BC0-F47B-44A9-A104-30C6CC5492E7_sid-A1F00BC0-F47B-44A9-A104-30C6CC5492E7_20"/>   <path oryx:anchors="top left" style="opacity: 1; fill: none; stroke: rgb(0, 0, 0);" d="M 20 20 L 20 24" id="sid-A1F00BC0-F47B-44A9-A104-30C6CC5492E7_sid-A1F00BC0-F47B-44A9-A104-30C6CC5492E7_21"/>   <circle oryx:anchors="top left" fill="#000000" stroke="#000000" cx="13.002" cy="5.916" r="5.417" id="sid-A1F00BC0-F47B-44A9-A104-30C6CC5492E7_sid-A1F00BC0-F47B-44A9-A104-30C6CC5492E7_22"/>   <path oryx:anchors="top left" style="opacity: 1; fill: rgb(240, 239, 240); stroke: rgb(0, 0, 0);" d="M8.043,7.083c0,0,2.814-2.426,5.376-1.807s4.624-0.693,4.624-0.693    c0.25,1.688,0.042,3.75-1.458,5.584c0,0,1.083,0.75,1.083,1.5s0.125,1.875-1,3s-5.5,1.25-6.75,0S8.668,12.834,8.668,12    s0.583-1.25,1.25-1.917C8.835,9.5,7.419,7.708,8.043,7.083z" id="sid-A1F00BC0-F47B-44A9-A104-30C6CC5492E7_sid-A1F00BC0-F47B-44A9-A104-30C6CC5492E7_23"/>  </g>    <g id="sid-A1F00BC0-F47B-44A9-A104-30C6CC5492E7serviceTask" transform="scale(0.7) translate(8, 8)" display="none">   <polygon oryx:anchors="top left" id="sid-A1F00BC0-F47B-44A9-A104-30C6CC5492E7teethForeground" style="opacity: 1; fill: rgb(255, 255, 255); stroke: rgb(0, 0, 0);" points="15.392,5.064 17.954,2.502 20.347,4.895 17.786,7.455 18.729,9.732 22.353,9.732 22.353,13.115 18.731,13.115 17.788,15.392 20.351,17.955 17.958,20.347 15.397,17.786 13.12,18.729 13.12,22.353 9.737,22.353 9.737,18.731 7.46,17.788 4.897,20.35 2.506,17.958 5.066,15.397 4.124,13.12 0.5,13.12 0.5,9.737 4.121,9.737 5.065,7.461 2.503,4.898 4.895,2.506 7.455,5.066 9.732,4.125 9.732,0.5 13.116,0.5 13.116,4.121"/>   <circle oryx:anchors="top left" id="sid-A1F00BC0-F47B-44A9-A104-30C6CC5492E7ringForeground" style="opacity: 1; fill: none; stroke: rgb(0, 0, 0);" cx="11.427" cy="11.426" r="3.714"/>   <polygon oryx:anchors="top left" id="sid-A1F00BC0-F47B-44A9-A104-30C6CC5492E7teethBackground" style="opacity: 1; fill: rgb(255, 255, 255); stroke: rgb(0, 0, 0);" points="21.392,11.064 23.954,8.502 26.347,10.895 23.786,13.455 24.729,15.732 28.353,15.732 28.353,19.115 24.731,19.115 23.788,21.392 26.351,23.955 23.958,26.347 21.397,23.786 19.12,24.729 19.12,28.353 15.737,28.353 15.737,24.731 13.46,23.788 10.897,26.35 8.506,23.958 11.066,21.397 10.124,19.12 6.5,19.12 6.5,15.737 10.121,15.737 11.065,13.461 8.503,10.898 10.895,8.506 13.455,11.066 15.732,10.125 15.732,6.5 19.116,6.5 19.116,10.121"/>   <circle oryx:anchors="top left" id="sid-A1F00BC0-F47B-44A9-A104-30C6CC5492E7ringBackground" style="opacity: 1; fill: none; stroke: rgb(0, 0, 0);" cx="17.427" cy="17.426" r="3.714"/>  </g>    <g id="sid-A1F00BC0-F47B-44A9-A104-30C6CC5492E7sendTask" display="none">   <path oryx:anchors="left top" stroke="white" fill="black" stroke-width="1" d="M8,11 L8,21 L24,21 L24,11 L16,17z" id="sid-A1F00BC0-F47B-44A9-A104-30C6CC5492E7_sid-A1F00BC0-F47B-44A9-A104-30C6CC5492E7_24"/>   <path oryx:anchors="left top" stroke="white" fill="black" stroke-width="1" d="M7,10 L16,17 L25 10z" id="sid-A1F00BC0-F47B-44A9-A104-30C6CC5492E7_sid-A1F00BC0-F47B-44A9-A104-30C6CC5492E7_25"/>  </g>    <g id="sid-A1F00BC0-F47B-44A9-A104-30C6CC5492E7receiveTask" display="none">   <path oryx:anchors="left top" stroke="black" fill="none" stroke-width="1" d="M8,11 L8,21 L24,21 L24,11z M8,11 L16,17 L24,11" id="sid-A1F00BC0-F47B-44A9-A104-30C6CC5492E7_sid-A1F00BC0-F47B-44A9-A104-30C6CC5492E7_26"/>   <circle id="sid-A1F00BC0-F47B-44A9-A104-30C6CC5492E7instantiate" cx="16" cy="16" r="13" stroke="black" fill="none" stroke-width="1" display="none"/>  </g>    <g id="sid-A1F00BC0-F47B-44A9-A104-30C6CC5492E7none" display="none"/>  <g id="sid-A1F00BC0-F47B-44A9-A104-30C6CC5492E7loop" display="none">       <path oryx:anchors="bottom" style="opacity: 1; fill: none; fill-opacity: 1; stroke: rgb(0, 0, 0); stroke-width: 1.5; stroke-linecap: round; stroke-linejoin: round; stroke-miterlimit: 2.1; stroke-dasharray: none; stroke-opacity: 1;" id="sid-A1F00BC0-F47B-44A9-A104-30C6CC5492E7path2396" d="M 47.608384,75.188343 L 47.608384,78.188343 L 44.608384,78.188343 M 47.608384,78.188343 A 4.875,4.875 0 1 1 51.639336,78.189378"/>     </g>      <g id="sid-A1F00BC0-F47B-44A9-A104-30C6CC5492E7parallel" display="none">   <path oryx:anchors="bottom" fill="none" stroke="black" d="M46 70 v8 M50 70 v8 M54 70 v8" stroke-width="2" id="sid-A1F00BC0-F47B-44A9-A104-30C6CC5492E7_sid-A1F00BC0-F47B-44A9-A104-30C6CC5492E7_27"/>  </g>  <g id="sid-A1F00BC0-F47B-44A9-A104-30C6CC5492E7sequential" display="none">   <path oryx:anchors="bottom" fill="none" stroke="#000000" stroke-width="2" d="M46,76h10M46,72h10 M46,68h10" id="sid-A1F00BC0-F47B-44A9-A104-30C6CC5492E7_sid-A1F00BC0-F47B-44A9-A104-30C6CC5492E7_28"/>  </g>     <g id="sid-A1F00BC0-F47B-44A9-A104-30C6CC5492E7compensation" display="none">   <path oryx:anchors="bottom" fill="none" stroke="black" d="M 62 74 L 66 70 L 66 78 L 62 74 L 62 70 L 58 74 L 62 78 L 62 74" stroke-width="1" id="sid-A1F00BC0-F47B-44A9-A104-30C6CC5492E7_sid-A1F00BC0-F47B-44A9-A104-30C6CC5492E7_29"/>  </g>   </g></g><g class="children" style="overflow: hidden;"/><g class="edge"/></g><g class="controls"><g class="dockers"/><g class="magnets" transform="translate(193, 187)"><g pointer-events="all" display="none" transform="translate(-7, 12)"><circle cx="8" cy="8" r="4" stroke="none" fill="red" fill-opacity="0.3"/></g><g pointer-events="all" display="none" transform="translate(-7, 32)"><circle cx="8" cy="8" r="4" stroke="none" fill="red" fill-opacity="0.3"/></g><g pointer-events="all" display="none" transform="translate(-7, 52)"><circle cx="8" cy="8" r="4" stroke="none" fill="red" fill-opacity="0.3"/></g><g pointer-events="all" display="none" transform="translate(17, 71)"><circle cx="8" cy="8" r="4" stroke="none" fill="red" fill-opacity="0.3"/></g><g pointer-events="all" display="none" transform="translate(42, 71)"><circle cx="8" cy="8" r="4" stroke="none" fill="red" fill-opacity="0.3"/></g><g pointer-events="all" display="none" transform="translate(67, 71)"><circle cx="8" cy="8" r="4" stroke="none" fill="red" fill-opacity="0.3"/></g><g pointer-events="all" display="none" transform="translate(91, 12)"><circle cx="8" cy="8" r="4" stroke="none" fill="red" fill-opacity="0.3"/></g><g pointer-events="all" display="none" transform="translate(91, 32)"><circle cx="8" cy="8" r="4" stroke="none" fill="red" fill-opacity="0.3"/></g><g pointer-events="all" display="none" transform="translate(91, 52)"><circle cx="8" cy="8" r="4" stroke="none" fill="red" fill-opacity="0.3"/></g><g pointer-events="all" display="none" transform="translate(17, -7)"><circle cx="8" cy="8" r="4" stroke="none" fill="red" fill-opacity="0.3"/></g><g pointer-events="all" display="none" transform="translate(42, -7)"><circle cx="8" cy="8" r="4" stroke="none" fill="red" fill-opacity="0.3"/></g><g pointer-events="all" display="none" transform="translate(67, -7)"><circle cx="8" cy="8" r="4" stroke="none" fill="red" fill-opacity="0.3"/></g><g pointer-events="all" display="none" transform="translate(42, 32)"><circle cx="8" cy="8" r="4" stroke="none" fill="red" fill-opacity="0.3"/></g></g></g></g><g id="svg-sid-82B7B2F7-E2F1-4354-81E0-8CCDA763A362"><g class="stencils" transform="translate(344, 213)"><g class="me"><g pointer-events="fill" id="sid-4E5F8870-7789-45E1-95FE-612A6480033A" title="End Event">      <defs id="sid-4E5F8870-7789-45E1-95FE-612A6480033A_sid-4E5F8870-7789-45E1-95FE-612A6480033A_5">   <radialGradient id="sid-4E5F8870-7789-45E1-95FE-612A6480033Abackground" cx="10%" cy="10%" r="100%" fx="10%" fy="10%">    <stop offset="0%" stop-color="#ffffff" stop-opacity="1" id="sid-4E5F8870-7789-45E1-95FE-612A6480033A_sid-4E5F8870-7789-45E1-95FE-612A6480033A_6"/>    <stop id="sid-4E5F8870-7789-45E1-95FE-612A6480033Afill_el" offset="100%" stop-color="#ffffff" stop-opacity="1"/>   </radialGradient>  </defs>       <circle id="sid-4E5F8870-7789-45E1-95FE-612A6480033Abg_frame" cx="14" cy="14" r="14" stroke="black" fill="url(#sid-4E5F8870-7789-45E1-95FE-612A6480033Abackground) white" stroke-width="3"/>  <text font-size="11" id="sid-4E5F8870-7789-45E1-95FE-612A6480033Atext_name" x="14" y="30" oryx:align="top center" stroke="black" stroke-width="0pt" letter-spacing="-0.01px" transform="rotate(0, 14, 30)" oryx:fontSize="11" text-anchor="middle"/>   </g></g><g class="children" style="overflow: hidden;"/><g class="edge"/></g><g class="controls"><g class="dockers"/><g class="magnets" transform="translate(344, 213)"><g pointer-events="all" display="none" transform="translate(6, 6)"><circle cx="8" cy="8" r="4" stroke="none" fill="red" fill-opacity="0.3"/></g></g></g></g></g><g class="edge"><g id="svg-sid-7033747D-1702-437C-BB3D-4519E40CBE8C"><g class="stencils"><g class="me"><g pointer-events="painted"><path d="M150.34375 227L192.21875 227 " stroke="black" fill="none" stroke-width="2" stroke-linecap="round" stroke-linejoin="round" marker-start="url(#sid-2E48E4D4-8380-40CB-BD83-FD7E77DC848Fstart)" marker-end="url(#sid-2E48E4D4-8380-40CB-BD83-FD7E77DC848Fend)" id="sid-2E48E4D4-8380-40CB-BD83-FD7E77DC848F_1"/></g><text id="sid-2E48E4D4-8380-40CB-BD83-FD7E77DC848Ftext_name" x="158" y="219" oryx:edgePosition="startTop" stroke-width="0pt" letter-spacing="-0.01px" transform="rotate(360, 150, 227)" oryx:fontSize="12" text-anchor="start"/></g><g class="children" style="overflow: hidden;"/><g class="edge"/></g><g class="controls"><g class="dockers"/><g class="magnets"/></g></g><g id="svg-sid-51E9BCEF-A523-42C8-A23B-81097EB5020A"><g class="stencils"><g class="me"><g pointer-events="painted"><path d="M293.4140625 227L343.5234375 227 " stroke="black" fill="none" stroke-width="2" stroke-linecap="round" stroke-linejoin="round" marker-start="url(#sid-CB3E4EB3-2352-4054-A9C4-8B4DCAF63D43start)" marker-end="url(#sid-CB3E4EB3-2352-4054-A9C4-8B4DCAF63D43end)" id="sid-CB3E4EB3-2352-4054-A9C4-8B4DCAF63D43_1"/></g><text id="sid-CB3E4EB3-2352-4054-A9C4-8B4DCAF63D43text_name" x="301" y="219" oryx:edgePosition="startTop" stroke-width="0pt" letter-spacing="-0.01px" transform="rotate(360, 293, 227)" oryx:fontSize="12" text-anchor="start"/></g><g class="children" style="overflow: hidden;"/><g class="edge"/></g><g class="controls"><g class="dockers"/><g class="magnets"/></g></g></g></g></g></svg>]]></svg-representation>
</oryxmodel>
