<?xml version="1.0" encoding="UTF-8"?>
<definitions xmlns="http://www.omg.org/spec/BPMN/20100524/MODEL" xmlns:bpmndi="http://www.omg.org/spec/BPMN/20100524/DI" xmlns:omgdc="http://www.omg.org/spec/DD/20100524/DC" xmlns:omgdi="http://www.omg.org/spec/DD/20100524/DI" xmlns:signavio="http://www.signavio.com" xmlns:xsi="http://www.w3.org/2001/XMLSchema-instance" exporter="Signavio Process Editor, http://www.signavio.com" exporterVersion="" expressionLanguage="http://www.w3.org/1999/XPath" id="sid-6b683f76-02fb-4dbd-b677-6e4171b360b1" targetNamespace="http://www.signavio.com/bpmn20" typeLanguage="http://www.w3.org/2001/XMLSchema" xsi:schemaLocation="http://www.omg.org/spec/BPMN/20100524/MODEL http://www.omg.org/spec/BPMN/2.0/20100501/BPMN20.xsd">
   <process id="sid-e6b83f39-07e6-404b-8a65-184c72aa20e5" isExecutable="false">
      <startEvent id="sid-CB746B53-1762-40BE-B00C-C3598982F84A" name="">
         <extensionElements>
            <signavio:signavioMetaData metaKey="bgcolor" metaValue="#ffffff"/>
         </extensionElements>
         <outgoing>sid-7033747D-1702-437C-BB3D-4519E40CBE8C</outgoing>
      </startEvent>
      <userTask completionQuantity="1" id="sid-E705C0E0-603F-4B76-92EF-77AD669A157E" implementation="unspecified" isForCompensation="false" name="Schedule meeting" startQuantity="1">
         <documentation id="sid-5942e360-441c-4396-a807-0be6191ee48a">Schedule an engineering meeting for next week with the new hire.</documentation>
         <extensionElements>
            <signavio:signavioMetaData metaKey="bgcolor" metaValue="#ffffcc"/>
         </extensionElements>
         <incoming>sid-7033747D-1702-437C-BB3D-4519E40CBE8C</incoming>
         <outgoing>sid-51E9BCEF-A523-42C8-A23B-81097EB5020A</outgoing>
         <humanPerformer id="sid-a9d97d5c-f776-450f-98b4-47d25f90bbdf" resourceRef="">
            <resourceAssignmentExpression id="sid-1d62100d-6157-4312-af58-c9804ff2bf0e">
               <formalExpression id="sid-4b8e4131-1069-4d63-83e5-f61bdb06981e">kermit</formalExpression>
            </resourceAssignmentExpression>
         </humanPerformer>
      </userTask>
      <endEvent id="sid-82B7B2F7-E2F1-4354-81E0-8CCDA763A362" name="">
         <extensionElements>
            <signavio:signavioMetaData metaKey="bgcolor" metaValue="#ffffff"/>
         </extensionElements>
         <incoming>sid-51E9BCEF-A523-42C8-A23B-81097EB5020A</incoming>
      </endEvent>
      <sequenceFlow id="sid-7033747D-1702-437C-BB3D-4519E40CBE8C" name="" sourceRef="sid-CB746B53-1762-40BE-B00C-C3598982F84A" targetRef="sid-E705C0E0-603F-4B76-92EF-77AD669A157E"/>
      <sequenceFlow id="sid-51E9BCEF-A523-42C8-A23B-81097EB5020A" name="" sourceRef="sid-E705C0E0-603F-4B76-92EF-77AD669A157E" targetRef="sid-82B7B2F7-E2F1-4354-81E0-8CCDA763A362"/>
   </process>
   <bpmndi:BPMNDiagram id="sid-76c3a8bc-58da-4d96-818e-16e885db8188">
      <bpmndi:BPMNPlane bpmnElement="sid-e6b83f39-07e6-404b-8a65-184c72aa20e5" id="sid-f0471e11-a5f3-4d76-80a6-6cc24a65addf">
         <bpmndi:BPMNShape bpmnElement="sid-CB746B53-1762-40BE-B00C-C3598982F84A" id="sid-CB746B53-1762-40BE-B00C-C3598982F84A_gui">
            <omgdc:Bounds height="30.0" width="30.0" x="120.0" y="212.0"/>
         </bpmndi:BPMNShape>
         <bpmndi:BPMNShape bpmnElement="sid-E705C0E0-603F-4B76-92EF-77AD669A157E" id="sid-E705C0E0-603F-4B76-92EF-77AD669A157E_gui">
            <omgdc:Bounds height="80.0" width="100.0" x="193.0" y="187.0"/>
         </bpmndi:BPMNShape>
         <bpmndi:BPMNShape bpmnElement="sid-82B7B2F7-E2F1-4354-81E0-8CCDA763A362" id="sid-82B7B2F7-E2F1-4354-81E0-8CCDA763A362_gui">
            <omgdc:Bounds height="28.0" width="28.0" x="344.0" y="213.0"/>
         </bpmndi:BPMNShape>
         <bpmndi:BPMNEdge bpmnElement="sid-51E9BCEF-A523-42C8-A23B-81097EB5020A" id="sid-51E9BCEF-A523-42C8-A23B-81097EB5020A_gui">
            <omgdi:waypoint x="293.0" y="227.0"/>
            <omgdi:waypoint x="344.0" y="227.0"/>
         </bpmndi:BPMNEdge>
         <bpmndi:BPMNEdge bpmnElement="sid-7033747D-1702-437C-BB3D-4519E40CBE8C" id="sid-7033747D-1702-437C-BB3D-4519E40CBE8C_gui">
            <omgdi:waypoint x="150.0" y="227.0"/>
            <omgdi:waypoint x="193.0" y="227.0"/>
         </bpmndi:BPMNEdge>
      </bpmndi:BPMNPlane>
   </bpmndi:BPMNDiagram>
</definitions>
