<?xml version="1.0" encoding="UTF-8"?>
<definitions id="taskAssigneeExample" 
  xmlns="http://www.omg.org/spec/BPMN/20100524/MODEL"
  xmlns:activiti="http://activiti.org/bpmn"
  targetNamespace="Examples">
	
	<process id="multipleCandidatesGroup" name="Multiple candidate groups example">
	
		<startEvent id="theStart" />
		
		<sequenceFlow id="flow1" sourceRef="theStart" targetRef="theTask" />

		<userTask id="theTask" name="Approve expenses" >
		  <documentation>
		    Judge expenses of employees before end of fiscal quarter.
		  </documentation>
		  <potentialOwner>
		    <resourceAssignmentExpression>
		      <formalExpression>group(accountancy), group(management)</formalExpression>
		    </resourceAssignmentExpression>
		  </potentialOwner>
		</userTask>
		
		<sequenceFlow id="flow2" sourceRef="theTask" targetRef="theEnd" />
		
		<endEvent id="theEnd" />
		
	</process>

</definitions>
