<?xml version="1.0" encoding="UTF-8"?>
<definitions id="taskAssigneeExample" 
  xmlns="http://www.omg.org/spec/BPMN/20100524/MODEL"
  xmlns:activiti="http://activiti.org/bpmn"
  targetNamespace="Examples">
	
	<process id="singleCandidateGroup" name="Single candidate group example">
	
		<startEvent id="theStart" />
		
		<sequenceFlow id="flow1" sourceRef="theStart" targetRef="theTask" />

		<userTask id="theTask" name="Pay out expenses" >
		  <documentation>
		    Transfer money for approved expenses to employee.
		  </documentation>
		  <potentialOwner>
		    <resourceAssignmentExpression>
		      <formalExpression>accountancy</formalExpression>
		    </resourceAssignmentExpression>
		  </potentialOwner>
		</userTask>
		
		<sequenceFlow id="flow2" sourceRef="theTask" targetRef="theEnd" />
		
		<endEvent id="theEnd" />
		
	</process>

</definitions>
