<?xml version="1.0" encoding="UTF-8"?>
<definitions id="definitions" 
  xmlns="http://www.omg.org/spec/BPMN/20100524/MODEL"
  xmlns:activiti="http://activiti.org/bpmn"
  xmlns:xsi="http://www.w3.org/2001/XMLSchema-instance"
  targetNamespace="Examples">
  
  <process id="exclusiveGateway">
  
    <startEvent id="theStart" />
    
    <sequenceFlow id="flow1" sourceRef="theStart" targetRef="exclusiveGw" />
    
    <exclusiveGateway id="exclusiveGw" name="Exclusive Gateway" />
    
    <sequenceFlow id="flow2" sourceRef="exclusiveGw" targetRef="theTask1">
      <conditionExpression xsi:type="tFormalExpression">${input == 1}</conditionExpression>
    </sequenceFlow>
    
    <sequenceFlow id="flow3" sourceRef="exclusiveGw" targetRef="theTask2">
      <conditionExpression xsi:type="tFormalExpression">${input == 2}</conditionExpression>
    </sequenceFlow>
    
    <sequenceFlow id="flow4" sourceRef="exclusiveGw" targetRef="theTask3">
      <conditionExpression xsi:type="tFormalExpression">${input == 3}</conditionExpression>
    </sequenceFlow>

    <userTask id="theTask1" name="Send e-mail for more information" />
    
    <sequenceFlow id="flow5" sourceRef="theTask1" targetRef="theEnd" />
    
    <userTask id="theTask2" name="Check account balance" />
    
    <sequenceFlow id="flow6" sourceRef="theTask2" targetRef="theEnd" />
    
    <userTask id="theTask3" name="Call customer" />
    
    <sequenceFlow id="flow7" sourceRef="theTask3" targetRef="theEnd" />    
    
    <endEvent id="theEnd" />
    
  </process>

</definitions>