<?xml version="1.0" encoding="utf-8"?>
<oryxmodel>
<description></description>
<type>BPMN 2.0</type>
<json-representation><![CDATA[{"resourceId":"canvas","properties":{"name":"Multiple candidate groups example","documentation":"","auditing":"","monitoring":"","version":"","author":"","language":"English","namespaces":"","targetnamespace":"http://www.signavio.com/bpmn20","expressionlanguage":"http://www.w3.org/1999/XPath","typelanguage":"http://www.w3.org/2001/XMLSchema","creationdate":"","modificationdate":""},"stencil":{"id":"BPMNDiagram"},"childShapes":[{"resourceId":"sid-5A8FFE10-8161-49B6-8BEF-98778796C8D5","properties":{"name":"","documentation":"","auditing":"","monitoring":"","dataoutputassociations":"","dataoutput":"","outputset":"","bgcolor":"#ffffff","trigger":"None"},"stencil":{"id":"StartNoneEvent"},"childShapes":[],"outgoing":[{"resourceId":"sid-31C51B53-6886-4E36-999D-70546CC04F41"}],"bounds":{"lowerRight":{"x":315,"y":220},"upperLeft":{"x":285,"y":190}},"dockers":[]},{"resourceId":"sid-9A71807A-C281-47CA-AB8F-E6D49BB05710","properties":{"name":"Approve expenses","documentation":"","auditing":"","monitoring":"","categories":"","startquantity":1,"completionquantity":1,"isforcompensation":"","assignments":"","callacitivity":"","tasktype":"User","implementation":"unspecified","resources":{"totalCount":1,"items":[{"resource_type":"PotentialOwner","resource":"","resourceassignmentexpr":"group(accountancy), group(management)","language":"","evaluatestotype":""}]},"messageref":"","operationref":"","instantiate":"","script":"","scriptformat":"","bgcolor":"#ffffcc","looptype":"None","testbefore":"","loopcondition":"","loopmaximum":"","loopcardinality":"","loopdatainput":"","loopdataoutput":"","inputdataitem":"","outputdataitem":"","behavior":"all","complexbehaviordefinition":"","completioncondition":"","onebehavioreventref:":"signal","nonebehavioreventref":"signal","properties":"","datainputset":"","dataoutputset":"","operationname":"","inmessagename":"","inmsgitemkind":"Information","inmsgstructure":"","inmsgimport":"","inmsgiscollection":"","outmessagename":"","outmsgitemkind":"Information","outmsgstructure":"","outmsgimport":"","outmsgiscollection":""},"stencil":{"id":"Task"},"childShapes":[],"outgoing":[{"resourceId":"sid-E32E81F1-5897-4B31-9FDB-42F4C0826DF6"}],"bounds":{"lowerRight":{"x":470,"y":245},"upperLeft":{"x":370,"y":165}},"dockers":[]},{"resourceId":"sid-31C51B53-6886-4E36-999D-70546CC04F41","properties":{"name":"","documentation":"","auditing":"","monitoring":"","conditiontype":"None","conditionexpression":"","isimmediate":"","showdiamondmarker":""},"stencil":{"id":"SequenceFlow"},"childShapes":[],"outgoing":[{"resourceId":"sid-9A71807A-C281-47CA-AB8F-E6D49BB05710"}],"bounds":{"lowerRight":{"x":369.3125,"y":205},"upperLeft":{"x":315.0625,"y":205}},"dockers":[{"x":15,"y":15},{"x":50,"y":40}],"target":{"resourceId":"sid-9A71807A-C281-47CA-AB8F-E6D49BB05710"}},{"resourceId":"sid-A9828677-54A1-4FB9-BD59-805BFE89743D","properties":{"name":"","documentation":"","auditing":"","monitoring":"","datainputassociations":"","datainput":"","inputset":"","bgcolor":"#ffffff","trigger":"None"},"stencil":{"id":"EndNoneEvent"},"childShapes":[],"outgoing":[],"bounds":{"lowerRight":{"x":558,"y":219},"upperLeft":{"x":530,"y":191}},"dockers":[]},{"resourceId":"sid-E32E81F1-5897-4B31-9FDB-42F4C0826DF6","properties":{"name":"","documentation":"","auditing":"","monitoring":"","conditiontype":"None","conditionexpression":"","isimmediate":"","showdiamondmarker":""},"stencil":{"id":"SequenceFlow"},"childShapes":[],"outgoing":[{"resourceId":"sid-A9828677-54A1-4FB9-BD59-805BFE89743D"}],"bounds":{"lowerRight":{"x":529.4375,"y":205},"upperLeft":{"x":470.40625,"y":205}},"dockers":[{"x":50,"y":40},{"x":14,"y":14}],"target":{"resourceId":"sid-A9828677-54A1-4FB9-BD59-805BFE89743D"}}],"bounds":{"lowerRight":{"x":1485,"y":1050},"upperLeft":{"x":0,"y":0}},"stencilset":{"url":"/activiti-modeler/editor/stencilsets//bpmn2.0/bpmn2.0.json","namespace":"http://b3mn.org/stencilset/bpmn2.0#"},"ssextensions":[]}]]></json-representation>
<svg-representation><![CDATA[<svg xmlns="http://www.w3.org/2000/svg" xmlns:oryx="http://oryx-editor.org" id="sid-9C0CFA60-8F70-439D-BFEE-FC7AF36F64BD" width="323" height="130" xmlns:xlink="http://www.w3.org/1999/xlink" xmlns:svg="http://www.w3.org/2000/svg"><defs><marker id="sid-2E3F52B2-87C9-4DF4-8FD9-DC4EBF481C19start" refX="1" refY="5" markerUnits="userSpaceOnUse" markerWidth="17" markerHeight="11" orient="auto">      <path id="sid-2E3F52B2-87C9-4DF4-8FD9-DC4EBF481C19conditional" d="M 0 5 L 8 0 L 16 5 L 8 10 L 0 5" fill="white" stroke="black" stroke-width="1" display="none"/>    <path id="sid-2E3F52B2-87C9-4DF4-8FD9-DC4EBF481C19default" d="M 5 0 L 11 10" fill="white" stroke="black" stroke-width="1" display="none"/>     </marker><marker id="sid-2E3F52B2-87C9-4DF4-8FD9-DC4EBF481C19end" refX="15" refY="6" markerUnits="userSpaceOnUse" markerWidth="15" markerHeight="12" orient="auto">      <path d="M 0 1 L 15 6 L 0 11z" fill="black" stroke="black" stroke-linejoin="round" stroke-width="2" id="sid-2E3F52B2-87C9-4DF4-8FD9-DC4EBF481C19_sid-2E3F52B2-87C9-4DF4-8FD9-DC4EBF481C19_2"/>     </marker><marker id="sid-B3BBC140-076E-4F02-80D1-1ADB6E6631A0start" refX="1" refY="5" markerUnits="userSpaceOnUse" markerWidth="17" markerHeight="11" orient="auto">      <path id="sid-B3BBC140-076E-4F02-80D1-1ADB6E6631A0conditional" d="M 0 5 L 8 0 L 16 5 L 8 10 L 0 5" fill="white" stroke="black" stroke-width="1" display="none"/>    <path id="sid-B3BBC140-076E-4F02-80D1-1ADB6E6631A0default" d="M 5 0 L 11 10" fill="white" stroke="black" stroke-width="1" display="none"/>     </marker><marker id="sid-B3BBC140-076E-4F02-80D1-1ADB6E6631A0end" refX="15" refY="6" markerUnits="userSpaceOnUse" markerWidth="15" markerHeight="12" orient="auto">      <path d="M 0 1 L 15 6 L 0 11z" fill="black" stroke="black" stroke-linejoin="round" stroke-width="2" id="sid-B3BBC140-076E-4F02-80D1-1ADB6E6631A0_sid-B3BBC140-076E-4F02-80D1-1ADB6E6631A0_2"/>     </marker></defs><g stroke="black" font-family="Verdana, sans-serif" font-size-adjust="none" font-style="normal" font-variant="normal" font-weight="normal" line-heigth="normal" font-size="12"><g class="stencils" transform="translate(-260, -140)"><g class="me"/><g class="children"><g id="svg-sid-5A8FFE10-8161-49B6-8BEF-98778796C8D5"><g class="stencils" transform="translate(285, 190)"><g class="me"><g pointer-events="fill" id="sid-09DE1924-3BD9-41E6-8FC9-BF05E03D08AD" title="Start Event">        <defs id="sid-09DE1924-3BD9-41E6-8FC9-BF05E03D08AD_sid-09DE1924-3BD9-41E6-8FC9-BF05E03D08AD_5">   <radialGradient id="sid-09DE1924-3BD9-41E6-8FC9-BF05E03D08ADbackground" cx="10%" cy="10%" r="100%" fx="10%" fy="10%">    <stop offset="0%" stop-color="#ffffff" stop-opacity="1" id="sid-09DE1924-3BD9-41E6-8FC9-BF05E03D08AD_sid-09DE1924-3BD9-41E6-8FC9-BF05E03D08AD_6"/>    <stop id="sid-09DE1924-3BD9-41E6-8FC9-BF05E03D08ADfill_el" offset="100%" stop-color="#ffffff" stop-opacity="1"/>   </radialGradient>  </defs>       <circle id="sid-09DE1924-3BD9-41E6-8FC9-BF05E03D08ADbg_frame" cx="15" cy="15" r="15" stroke="black" fill="url(#sid-09DE1924-3BD9-41E6-8FC9-BF05E03D08ADbackground) white" stroke-width="1"/>  <text font-size="11" id="sid-09DE1924-3BD9-41E6-8FC9-BF05E03D08ADtext_name" x="15" y="32" oryx:align="top center" stroke="black" stroke-width="0pt" letter-spacing="-0.01px" transform="rotate(0, 15, 32)" oryx:fontSize="11" text-anchor="middle"/>   </g></g><g class="children" style="overflow: hidden;"/><g class="edge"/></g><g class="controls"><g class="dockers"/><g class="magnets" transform="translate(285, 190)"><g pointer-events="all" display="none" transform="translate(7, 7)"><circle cx="8" cy="8" r="4" stroke="none" fill="red" fill-opacity="0.3"/></g></g></g></g><g id="svg-sid-9A71807A-C281-47CA-AB8F-E6D49BB05710"><g class="stencils" transform="translate(370, 165)"><g class="me"><g pointer-events="fill" oryx:minimumSize="50 40" id="sid-34D8D3F6-C2CD-447F-8030-1893413C68A1" title="Task">    <defs id="sid-34D8D3F6-C2CD-447F-8030-1893413C68A1_sid-34D8D3F6-C2CD-447F-8030-1893413C68A1_17">   <radialGradient id="sid-34D8D3F6-C2CD-447F-8030-1893413C68A1background" cx="10%" cy="10%" r="100%" fx="10%" fy="10%">    <stop offset="0%" stop-color="#ffffff" stop-opacity="1" id="sid-34D8D3F6-C2CD-447F-8030-1893413C68A1_sid-34D8D3F6-C2CD-447F-8030-1893413C68A1_18"/>    <stop id="sid-34D8D3F6-C2CD-447F-8030-1893413C68A1fill_el" offset="100%" stop-color="#ffffcc" stop-opacity="1"/>   </radialGradient>  </defs>    <rect id="sid-34D8D3F6-C2CD-447F-8030-1893413C68A1text_frame" oryx:anchors="bottom top right left" x="1" y="1" width="94" height="79" rx="10" ry="10" stroke="none" stroke-width="0" fill="none"/>     <rect id="sid-34D8D3F6-C2CD-447F-8030-1893413C68A1callActivity" oryx:resize="vertical horizontal" oryx:anchors="bottom top right left" x="0" y="0" width="100" height="80" rx="10" ry="10" stroke="black" stroke-width="4" fill="none" display="none"/>  <rect id="sid-34D8D3F6-C2CD-447F-8030-1893413C68A1bg_frame" oryx:resize="vertical horizontal" x="0" y="0" width="100" height="80" rx="10" ry="10" stroke="black" stroke-width="1" fill="url(#sid-34D8D3F6-C2CD-447F-8030-1893413C68A1background) #ffffcc"/>   <text font-size="12" id="sid-34D8D3F6-C2CD-447F-8030-1893413C68A1text_name" x="50" y="40" oryx:align="middle center" oryx:fittoelem="text_frame" stroke="black" stroke-width="0pt" letter-spacing="-0.01px" transform="rotate(0, 50, 40)" oryx:fontSize="12" text-anchor="middle"><tspan x="50" y="40" dy="-1" id="ext-gen466">Approve </tspan><tspan x="50" y="40" dy="11" id="ext-gen465">expenses</tspan></text>     <g id="sid-34D8D3F6-C2CD-447F-8030-1893413C68A1manualTask" transform="scale(0.7) translate(8, 8)" display="none">      <path oryx:anchors="top left" id="sid-34D8D3F6-C2CD-447F-8030-1893413C68A1hand" style="opacity: 1; fill: none; fill-opacity: 1; stroke: rgb(0, 0, 0); stroke-width: 1;" d="M0.5,3.751l4.083-3.25c0,0,11.166,0.083,12.083,0.083s-2.417,2.917-1.5,2.917     s11.667,0,12.584,0c1.166,1.708-0.168,3.167-0.834,3.667s0.875,1.917-1,4.417c-0.75,0.25,0.75,1.875-1.333,3.333     c-1.167,0.583,0.583,1.542-1.25,2.833c-1.167,0-20.833,0.083-20.833,0.083l-2-1.333V3.751z"/>   <path oryx:anchors="top left" id="sid-34D8D3F6-C2CD-447F-8030-1893413C68A1finger" style="opacity: 1; fill: none; stroke: rgb(0, 0, 0); stroke-width: 2;" d="M 13.5 7 L 27 7"/>   <path oryx:anchors="top left" id="sid-34D8D3F6-C2CD-447F-8030-1893413C68A1finger1" style="opacity: 1; fill: none; stroke: rgb(0, 0, 0); stroke-width: 2;" d="M 13.5 11 L 26 11"/>   <path oryx:anchors="top left" id="sid-34D8D3F6-C2CD-447F-8030-1893413C68A1finger2" style="opacity: 1; fill: none; stroke: rgb(0, 0, 0); stroke-width: 1.5;" d="M 14 14.5 L 25 14.5"/>   <path oryx:anchors="top left" id="sid-34D8D3F6-C2CD-447F-8030-1893413C68A1thumb" style="opacity: 1; fill: none; stroke: rgb(0, 0, 0); stroke-width: 1.5;" d="M 8.2 3.1 L 15 3.1"/>  </g>    <g id="sid-34D8D3F6-C2CD-447F-8030-1893413C68A1businessRuleTask" transform="scale(0.7) translate(8, 8)" display="none">   <rect oryx:anchors="top left" id="sid-34D8D3F6-C2CD-447F-8030-1893413C68A1top" x="0" y="0" width="22" height="4" style="opacity: 1; fill: rgb(179, 177, 179); fill-opacity: 1; stroke: rgb(0, 0, 0);"/>   <rect oryx:anchors="top left" id="sid-34D8D3F6-C2CD-447F-8030-1893413C68A1rect" x="0" y="4" style="opacity: 1; fill: none; stroke: rgb(0, 0, 0);" width="22" height="12"/>   <path oryx:anchors="top left" id="sid-34D8D3F6-C2CD-447F-8030-1893413C68A1row" style="opacity: 1; fill: none; stroke: rgb(0, 0, 0);" d="M 0 10 L 22 10"/>   <path oryx:anchors="top left" id="sid-34D8D3F6-C2CD-447F-8030-1893413C68A1col" style="opacity: 1; fill: none; stroke: rgb(0, 0, 0);" d="M 7 4 L 7 16"/>  </g>    <g id="sid-34D8D3F6-C2CD-447F-8030-1893413C68A1scriptTask" transform="scale(0.7) translate(8, 8)" display="none">   <path oryx:anchors="top left" id="sid-34D8D3F6-C2CD-447F-8030-1893413C68A1paper" style="opacity: 1; fill: none; stroke: rgb(0, 0, 0);" d="M6.402,0.5h14.5c0,0-5.833,2.833-5.833,5.583s4.417,6,4.417,9.167    s-4.167,5.083-4.167,5.083H0.235c0,0,5-2.667,5-5s-4.583-6.75-4.583-9.25S6.402,0.5,6.402,0.5z"/>   <path oryx:anchors="top left" id="sid-34D8D3F6-C2CD-447F-8030-1893413C68A1line1" style="opacity: 1; fill: none; stroke: rgb(0, 0, 0); stroke-width: 1.5;" d="M 3.5 4.5 L 13.5 4.5"/>   <path oryx:anchors="top left" id="sid-34D8D3F6-C2CD-447F-8030-1893413C68A1line2" style="opacity: 1; fill: none; stroke: rgb(0, 0, 0); stroke-width: 1.5;" d="M 3.8 8.5 L 13.8 8.5"/>   <path oryx:anchors="top left" id="sid-34D8D3F6-C2CD-447F-8030-1893413C68A1line3" style="opacity: 1; fill: none; stroke: rgb(0, 0, 0); stroke-width: 1.5;" d="M 6.3 12.5 L 16.3 12.5"/>   <path oryx:anchors="top left" id="sid-34D8D3F6-C2CD-447F-8030-1893413C68A1line4" style="opacity: 1; fill: none; stroke: rgb(0, 0, 0); stroke-width: 1.5;" d="M 6.5 16.5 L 16.5 16.5"/>  </g>    <g id="sid-34D8D3F6-C2CD-447F-8030-1893413C68A1userTask" transform="scale(0.7) translate(8, 8)" display="inherit">   <path oryx:anchors="top left" style="opacity: 1; fill: rgb(244, 246, 247); stroke: rgb(0, 0, 0);" d="M0.585,24.167h24.083v-7.833c0,0-2.333-3.917-7.083-5.167h-9.25    c-4.417,1.333-7.833,5.75-7.833,5.75L0.585,24.167z" id="sid-34D8D3F6-C2CD-447F-8030-1893413C68A1_sid-34D8D3F6-C2CD-447F-8030-1893413C68A1_19"/>   <path oryx:anchors="top left" style="opacity: 1; fill: none; stroke: rgb(0, 0, 0);" d="M 6 20 L 6 24" id="sid-34D8D3F6-C2CD-447F-8030-1893413C68A1_sid-34D8D3F6-C2CD-447F-8030-1893413C68A1_20"/>   <path oryx:anchors="top left" style="opacity: 1; fill: none; stroke: rgb(0, 0, 0);" d="M 20 20 L 20 24" id="sid-34D8D3F6-C2CD-447F-8030-1893413C68A1_sid-34D8D3F6-C2CD-447F-8030-1893413C68A1_21"/>   <circle oryx:anchors="top left" fill="#000000" stroke="#000000" cx="13.002" cy="5.916" r="5.417" id="sid-34D8D3F6-C2CD-447F-8030-1893413C68A1_sid-34D8D3F6-C2CD-447F-8030-1893413C68A1_22"/>   <path oryx:anchors="top left" style="opacity: 1; fill: rgb(240, 239, 240); stroke: rgb(0, 0, 0);" d="M8.043,7.083c0,0,2.814-2.426,5.376-1.807s4.624-0.693,4.624-0.693    c0.25,1.688,0.042,3.75-1.458,5.584c0,0,1.083,0.75,1.083,1.5s0.125,1.875-1,3s-5.5,1.25-6.75,0S8.668,12.834,8.668,12    s0.583-1.25,1.25-1.917C8.835,9.5,7.419,7.708,8.043,7.083z" id="sid-34D8D3F6-C2CD-447F-8030-1893413C68A1_sid-34D8D3F6-C2CD-447F-8030-1893413C68A1_23"/>  </g>    <g id="sid-34D8D3F6-C2CD-447F-8030-1893413C68A1serviceTask" transform="scale(0.7) translate(8, 8)" display="none">   <polygon oryx:anchors="top left" id="sid-34D8D3F6-C2CD-447F-8030-1893413C68A1teethForeground" style="opacity: 1; fill: rgb(255, 255, 255); stroke: rgb(0, 0, 0);" points="15.392,5.064 17.954,2.502 20.347,4.895 17.786,7.455 18.729,9.732 22.353,9.732 22.353,13.115 18.731,13.115 17.788,15.392 20.351,17.955 17.958,20.347 15.397,17.786 13.12,18.729 13.12,22.353 9.737,22.353 9.737,18.731 7.46,17.788 4.897,20.35 2.506,17.958 5.066,15.397 4.124,13.12 0.5,13.12 0.5,9.737 4.121,9.737 5.065,7.461 2.503,4.898 4.895,2.506 7.455,5.066 9.732,4.125 9.732,0.5 13.116,0.5 13.116,4.121"/>   <circle oryx:anchors="top left" id="sid-34D8D3F6-C2CD-447F-8030-1893413C68A1ringForeground" style="opacity: 1; fill: none; stroke: rgb(0, 0, 0);" cx="11.427" cy="11.426" r="3.714"/>   <polygon oryx:anchors="top left" id="sid-34D8D3F6-C2CD-447F-8030-1893413C68A1teethBackground" style="opacity: 1; fill: rgb(255, 255, 255); stroke: rgb(0, 0, 0);" points="21.392,11.064 23.954,8.502 26.347,10.895 23.786,13.455 24.729,15.732 28.353,15.732 28.353,19.115 24.731,19.115 23.788,21.392 26.351,23.955 23.958,26.347 21.397,23.786 19.12,24.729 19.12,28.353 15.737,28.353 15.737,24.731 13.46,23.788 10.897,26.35 8.506,23.958 11.066,21.397 10.124,19.12 6.5,19.12 6.5,15.737 10.121,15.737 11.065,13.461 8.503,10.898 10.895,8.506 13.455,11.066 15.732,10.125 15.732,6.5 19.116,6.5 19.116,10.121"/>   <circle oryx:anchors="top left" id="sid-34D8D3F6-C2CD-447F-8030-1893413C68A1ringBackground" style="opacity: 1; fill: none; stroke: rgb(0, 0, 0);" cx="17.427" cy="17.426" r="3.714"/>  </g>    <g id="sid-34D8D3F6-C2CD-447F-8030-1893413C68A1sendTask" display="none">   <path oryx:anchors="left top" stroke="white" fill="black" stroke-width="1" d="M8,11 L8,21 L24,21 L24,11 L16,17z" id="sid-34D8D3F6-C2CD-447F-8030-1893413C68A1_sid-34D8D3F6-C2CD-447F-8030-1893413C68A1_24"/>   <path oryx:anchors="left top" stroke="white" fill="black" stroke-width="1" d="M7,10 L16,17 L25 10z" id="sid-34D8D3F6-C2CD-447F-8030-1893413C68A1_sid-34D8D3F6-C2CD-447F-8030-1893413C68A1_25"/>  </g>    <g id="sid-34D8D3F6-C2CD-447F-8030-1893413C68A1receiveTask" display="none">   <path oryx:anchors="left top" stroke="black" fill="none" stroke-width="1" d="M8,11 L8,21 L24,21 L24,11z M8,11 L16,17 L24,11" id="sid-34D8D3F6-C2CD-447F-8030-1893413C68A1_sid-34D8D3F6-C2CD-447F-8030-1893413C68A1_26"/>   <circle id="sid-34D8D3F6-C2CD-447F-8030-1893413C68A1instantiate" cx="16" cy="16" r="13" stroke="black" fill="none" stroke-width="1" display="none"/>  </g>    <g id="sid-34D8D3F6-C2CD-447F-8030-1893413C68A1none" display="none"/>  <g id="sid-34D8D3F6-C2CD-447F-8030-1893413C68A1loop" display="none">       <path oryx:anchors="bottom" style="opacity: 1; fill: none; fill-opacity: 1; stroke: rgb(0, 0, 0); stroke-width: 1.5; stroke-linecap: round; stroke-linejoin: round; stroke-miterlimit: 2.1; stroke-dasharray: none; stroke-opacity: 1;" id="sid-34D8D3F6-C2CD-447F-8030-1893413C68A1path2396" d="M 47.608384,75.188343 L 47.608384,78.188343 L 44.608384,78.188343 M 47.608384,78.188343 A 4.875,4.875 0 1 1 51.639336,78.189378"/>     </g>      <g id="sid-34D8D3F6-C2CD-447F-8030-1893413C68A1parallel" display="none">   <path oryx:anchors="bottom" fill="none" stroke="black" d="M46 70 v8 M50 70 v8 M54 70 v8" stroke-width="2" id="sid-34D8D3F6-C2CD-447F-8030-1893413C68A1_sid-34D8D3F6-C2CD-447F-8030-1893413C68A1_27"/>  </g>  <g id="sid-34D8D3F6-C2CD-447F-8030-1893413C68A1sequential" display="none">   <path oryx:anchors="bottom" fill="none" stroke="#000000" stroke-width="2" d="M46,76h10M46,72h10 M46,68h10" id="sid-34D8D3F6-C2CD-447F-8030-1893413C68A1_sid-34D8D3F6-C2CD-447F-8030-1893413C68A1_28"/>  </g>     <g id="sid-34D8D3F6-C2CD-447F-8030-1893413C68A1compensation" display="none">   <path oryx:anchors="bottom" fill="none" stroke="black" d="M 62 74 L 66 70 L 66 78 L 62 74 L 62 70 L 58 74 L 62 78 L 62 74" stroke-width="1" id="sid-34D8D3F6-C2CD-447F-8030-1893413C68A1_sid-34D8D3F6-C2CD-447F-8030-1893413C68A1_29"/>  </g>   </g></g><g class="children" style="overflow: hidden;"/><g class="edge"/></g><g class="controls"><g class="dockers"/><g class="magnets" transform="translate(370, 165)"><g pointer-events="all" display="none" transform="translate(-7, 12)"><circle cx="8" cy="8" r="4" stroke="none" fill="red" fill-opacity="0.3"/></g><g pointer-events="all" display="none" transform="translate(-7, 32)"><circle cx="8" cy="8" r="4" stroke="none" fill="red" fill-opacity="0.3"/></g><g pointer-events="all" display="none" transform="translate(-7, 52)"><circle cx="8" cy="8" r="4" stroke="none" fill="red" fill-opacity="0.3"/></g><g pointer-events="all" display="none" transform="translate(17, 71)"><circle cx="8" cy="8" r="4" stroke="none" fill="red" fill-opacity="0.3"/></g><g pointer-events="all" display="none" transform="translate(42, 71)"><circle cx="8" cy="8" r="4" stroke="none" fill="red" fill-opacity="0.3"/></g><g pointer-events="all" display="none" transform="translate(67, 71)"><circle cx="8" cy="8" r="4" stroke="none" fill="red" fill-opacity="0.3"/></g><g pointer-events="all" display="none" transform="translate(91, 12)"><circle cx="8" cy="8" r="4" stroke="none" fill="red" fill-opacity="0.3"/></g><g pointer-events="all" display="none" transform="translate(91, 32)"><circle cx="8" cy="8" r="4" stroke="none" fill="red" fill-opacity="0.3"/></g><g pointer-events="all" display="none" transform="translate(91, 52)"><circle cx="8" cy="8" r="4" stroke="none" fill="red" fill-opacity="0.3"/></g><g pointer-events="all" display="none" transform="translate(17, -7)"><circle cx="8" cy="8" r="4" stroke="none" fill="red" fill-opacity="0.3"/></g><g pointer-events="all" display="none" transform="translate(42, -7)"><circle cx="8" cy="8" r="4" stroke="none" fill="red" fill-opacity="0.3"/></g><g pointer-events="all" display="none" transform="translate(67, -7)"><circle cx="8" cy="8" r="4" stroke="none" fill="red" fill-opacity="0.3"/></g><g pointer-events="all" display="none" transform="translate(42, 32)"><circle cx="8" cy="8" r="4" stroke="none" fill="red" fill-opacity="0.3"/></g></g></g></g><g id="svg-sid-A9828677-54A1-4FB9-BD59-805BFE89743D"><g class="stencils" transform="translate(530, 191)"><g class="me"><g pointer-events="fill" id="sid-8F51C4AB-7DFB-4546-9F1D-9789DBCE2B7E" title="End Event">      <defs id="sid-8F51C4AB-7DFB-4546-9F1D-9789DBCE2B7E_sid-8F51C4AB-7DFB-4546-9F1D-9789DBCE2B7E_5">   <radialGradient id="sid-8F51C4AB-7DFB-4546-9F1D-9789DBCE2B7Ebackground" cx="10%" cy="10%" r="100%" fx="10%" fy="10%">    <stop offset="0%" stop-color="#ffffff" stop-opacity="1" id="sid-8F51C4AB-7DFB-4546-9F1D-9789DBCE2B7E_sid-8F51C4AB-7DFB-4546-9F1D-9789DBCE2B7E_6"/>    <stop id="sid-8F51C4AB-7DFB-4546-9F1D-9789DBCE2B7Efill_el" offset="100%" stop-color="#ffffff" stop-opacity="1"/>   </radialGradient>  </defs>       <circle id="sid-8F51C4AB-7DFB-4546-9F1D-9789DBCE2B7Ebg_frame" cx="14" cy="14" r="14" stroke="black" fill="url(#sid-8F51C4AB-7DFB-4546-9F1D-9789DBCE2B7Ebackground) white" stroke-width="3"/>  <text font-size="11" id="sid-8F51C4AB-7DFB-4546-9F1D-9789DBCE2B7Etext_name" x="14" y="30" oryx:align="top center" stroke="black" stroke-width="0pt" letter-spacing="-0.01px" transform="rotate(0, 14, 30)" oryx:fontSize="11" text-anchor="middle"/>   </g></g><g class="children" style="overflow: hidden;"/><g class="edge"/></g><g class="controls"><g class="dockers"/><g class="magnets" transform="translate(530, 191)"><g pointer-events="all" display="none" transform="translate(6, 6)"><circle cx="8" cy="8" r="4" stroke="none" fill="red" fill-opacity="0.3"/></g></g></g></g></g><g class="edge"><g id="svg-sid-31C51B53-6886-4E36-999D-70546CC04F41"><g class="stencils"><g class="me"><g pointer-events="painted"><path d="M315.0625 205L369.3125 205 " stroke="black" fill="none" stroke-width="2" stroke-linecap="round" stroke-linejoin="round" marker-start="url(#sid-2E3F52B2-87C9-4DF4-8FD9-DC4EBF481C19start)" marker-end="url(#sid-2E3F52B2-87C9-4DF4-8FD9-DC4EBF481C19end)" id="sid-2E3F52B2-87C9-4DF4-8FD9-DC4EBF481C19_1"/></g><text id="sid-2E3F52B2-87C9-4DF4-8FD9-DC4EBF481C19text_name" x="323" y="197" oryx:edgePosition="startTop" stroke-width="0pt" letter-spacing="-0.01px" transform="rotate(360, 315, 205)" oryx:fontSize="12" text-anchor="start"/></g><g class="children" style="overflow: hidden;"/><g class="edge"/></g><g class="controls"><g class="dockers"/><g class="magnets"/></g></g><g id="svg-sid-E32E81F1-5897-4B31-9FDB-42F4C0826DF6"><g class="stencils"><g class="me"><g pointer-events="painted"><path d="M470.40625 205L529.4375 205 " stroke="black" fill="none" stroke-width="2" stroke-linecap="round" stroke-linejoin="round" marker-start="url(#sid-B3BBC140-076E-4F02-80D1-1ADB6E6631A0start)" marker-end="url(#sid-B3BBC140-076E-4F02-80D1-1ADB6E6631A0end)" id="sid-B3BBC140-076E-4F02-80D1-1ADB6E6631A0_1"/></g><text id="sid-B3BBC140-076E-4F02-80D1-1ADB6E6631A0text_name" x="478" y="197" oryx:edgePosition="startTop" stroke-width="0pt" letter-spacing="-0.01px" transform="rotate(360, 470, 205)" oryx:fontSize="12" text-anchor="start"/></g><g class="children" style="overflow: hidden;"/><g class="edge"/></g><g class="controls"><g class="dockers"/><g class="magnets"/></g></g></g></g></g></svg>]]></svg-representation>
</oryxmodel>
