<?xml version="1.0" encoding="UTF-8"?>
<definitions id="taskListenerExample" 
  xmlns="http://www.omg.org/spec/BPMN/20100524/MODEL"
  xmlns:activiti="http://activiti.org/bpmn"
	targetNamespace="Examples">
	
	<process id="taskListenerProcess" name="Task  Listener Example">
	
		<startEvent id="theStart" />
		
		<sequenceFlow id="flow1" sourceRef="theStart" targetRef="task1" />

		<userTask id="task1" name="Schedule meeting" >
		  <documentation>
		    Schedule a meeting with management.
		  </documentation>
		  <extensionElements>
		    <activiti:taskListener event="create" class="org.activiti.examples.bpmn.tasklistener.TaskCreateListener" />
		    <activiti:taskListener event="complete" class="org.activiti.examples.bpmn.tasklistener.TaskCompleteListener">
		      <activiti:field name="greeter" stringValue="The Process" />
          <activiti:field name="shortName" expression="${'Activiti'.substring(0,3)}" />
		    </activiti:taskListener>
		  </extensionElements>
		</userTask>
		
		<sequenceFlow id="flow2" sourceRef="task1" targetRef="task2" />
		
		<userTask id="task2" name="Write meeting notes" >
      <documentation>
        Write meeting notes after meeting with management.
      </documentation>
      <extensionElements>
        <activiti:taskListener event="create" expression="${execution.setVariable('greeting2', task.name)}" />
      </extensionElements>
    </userTask>
    
    <sequenceFlow id="flow3" sourceRef="task2" targetRef="theEnd" />
		
		<endEvent id="theEnd" />
		
	</process>

</definitions>
