<?xml version="1.0" encoding="UTF-8"?>
<definitions id="definitions" 
  xmlns="http://www.omg.org/spec/BPMN/20100524/MODEL"
  xmlns:activiti="http://activiti.org/bpmn"
  targetNamespace="Examples">
  
  <process id="scriptExecution">
  
    <startEvent id="theStart" />
    
    <sequenceFlow id="flow1" sourceRef="theStart" targetRef="theScriptTask" />
    
    <scriptTask id="theScriptTask" name="Execute script" scriptFormat="groovy">
      <script>
        sum = 0
        for ( i in inputArray ) {
          sum += i
        }
      </script>
    </scriptTask>

    <sequenceFlow id="flow2" sourceRef="theScriptTask" targetRef="theTask" />

    <userTask id="theTask" name="my task" />
    
    <sequenceFlow id="flow3" sourceRef="theTask" targetRef="theEnd" />
    
    <endEvent id="theEnd" />
    
  </process>

</definitions>