<beans xmlns="http://www.springframework.org/schema/beans"
       xmlns:context="http://www.springframework.org/schema/context"
       xmlns:tx="http://www.springframework.org/schema/tx"
       xmlns:xsi="http://www.w3.org/2001/XMLSchema-instance"
       xsi:schemaLocation="http://www.springframework.org/schema/beans http://www.springframework.org/schema/beans/spring-beans.xsd
http://www.springframework.org/schema/context http://www.springframework.org/schema/context/spring-context-2.5.xsd
http://www.springframework.org/schema/tx http://www.springframework.org/schema/tx/spring-tx-3.0.xsd">

  <bean id="dbProperties" class="org.springframework.beans.factory.config.PropertyPlaceholderConfigurer">
    <property name="location" value="classpath:db.properties" />
    <!-- Allow other PropertyPlaceholderConfigurer to run as well -->
    <property name="ignoreUnresolvablePlaceholders" value="true"/>
  </bean>

  <bean id="dataSource" class="org.springframework.jdbc.datasource.SimpleDriverDataSource">
    <property name="driverClass" value="${jdbc.driver}" />
    <property name="url" value="${jdbc.url}" />
    <property name="username" value="${jdbc.username}" />
    <property name="password" value="${jdbc.password}" />
  </bean>

  <bean id="transactionManager" class="org.springframework.jdbc.datasource.DataSourceTransactionManager">
    <property name="dataSource" ref="dataSource" />
  </bean>

 <bean id="processEngineConfiguration" class="org.activiti.spring.SpringProcessEngineConfiguration">
    <property name="dataSource" ref="dataSource" />
    <property name="transactionManager" ref="transactionManager" />
    <property name="databaseSchemaUpdate" value="true" />
    <property name="mailServerHost" value="localhost" />
    <property name="mailServerPort" value="5025" />
    <property name="jobExecutorActivate" value="true" />
  </bean>

  <bean id="processEngine" class="org.activiti.spring.ProcessEngineFactoryBean">
    <property name="processEngineConfiguration" ref="processEngineConfiguration" />
  </bean>

</beans>