<?xml version="1.0" encoding="UTF-8"?>
<definitions xmlns="http://www.omg.org/spec/BPMN/20100524/MODEL" xmlns:bpmndi="http://www.omg.org/spec/BPMN/20100524/DI" xmlns:omgdc="http://www.omg.org/spec/DD/20100524/DC" xmlns:omgdi="http://www.omg.org/spec/DD/20100524/DI" xmlns:signavio="http://www.signavio.com" xmlns:xsi="http://www.w3.org/2001/XMLSchema-instance" exporter="Signavio Process Editor, http://www.signavio.com" exporterVersion="" expressionLanguage="http://www.w3.org/1999/XPath" id="sid-ea27abf0-6661-4a01-a3a5-d7094218fe9d" targetNamespace="http://www.signavio.com/bpmn20" typeLanguage="http://www.w3.org/2001/XMLSchema" xsi:schemaLocation="http://www.omg.org/spec/BPMN/20100524/MODEL http://www.omg.org/spec/BPMN/2.0/20100501/BPMN20.xsd">
   <process id="sid-eb969009-5071-4a8a-beaa-a9a8dcee43cc" isExecutable="false">
      <startEvent id="sid-1D6B6E4E-68C7-4F7D-8BB3-179127B1FE81" name="">
         <extensionElements>
            <signavio:signavioMetaData metaKey="bgcolor" metaValue="#ffffff"/>
         </extensionElements>
         <outgoing>sid-4599C078-2FBC-4DF4-95E7-41866C3C3B6E</outgoing>
      </startEvent>
      <userTask completionQuantity="1" id="sid-D59A0F9E-9056-4785-8990-BA4AA5C9C71D" implementation="unspecified" isForCompensation="false" name="Write financial report" startQuantity="1">
         <extensionElements>
            <signavio:signavioMetaData metaKey="bgcolor" metaValue="#ffffcc"/>
         </extensionElements>
         <incoming>sid-4599C078-2FBC-4DF4-95E7-41866C3C3B6E</incoming>
         <outgoing>sid-EBC10BC8-0132-4288-8657-3B413BCE6F9C</outgoing>
         <potentialOwner id="sid-853554b7-6c1e-4bf8-b762-b2b4dc99c9ec" resourceRef="">
            <resourceAssignmentExpression id="sid-8d2b0399-2151-49c5-bba5-040fc6965b8f">
               <formalExpression id="sid-f18ae72c-a9e6-4ac4-84ea-93cec18dd5c5">user(kermit), group(sales)</formalExpression>
            </resourceAssignmentExpression>
         </potentialOwner>
      </userTask>
      <endEvent id="sid-6DF02214-3B1A-4C72-859E-50B3B50A7191" name="">
         <extensionElements>
            <signavio:signavioMetaData metaKey="bgcolor" metaValue="#ffffff"/>
         </extensionElements>
         <incoming>sid-EBC10BC8-0132-4288-8657-3B413BCE6F9C</incoming>
      </endEvent>
      <sequenceFlow id="sid-4599C078-2FBC-4DF4-95E7-41866C3C3B6E" name="" sourceRef="sid-1D6B6E4E-68C7-4F7D-8BB3-179127B1FE81" targetRef="sid-D59A0F9E-9056-4785-8990-BA4AA5C9C71D"/>
      <sequenceFlow id="sid-EBC10BC8-0132-4288-8657-3B413BCE6F9C" name="" sourceRef="sid-D59A0F9E-9056-4785-8990-BA4AA5C9C71D" targetRef="sid-6DF02214-3B1A-4C72-859E-50B3B50A7191"/>
   </process>
   <bpmndi:BPMNDiagram id="sid-c33c7889-09b4-42e4-985c-0b7f788f0749">
      <bpmndi:BPMNPlane bpmnElement="sid-eb969009-5071-4a8a-beaa-a9a8dcee43cc" id="sid-70708967-634f-42d1-a666-5e4ef387220e">
         <bpmndi:BPMNShape bpmnElement="sid-1D6B6E4E-68C7-4F7D-8BB3-179127B1FE81" id="sid-1D6B6E4E-68C7-4F7D-8BB3-179127B1FE81_gui">
            <omgdc:Bounds height="30.0" width="30.0" x="240.0" y="220.0"/>
         </bpmndi:BPMNShape>
         <bpmndi:BPMNShape bpmnElement="sid-D59A0F9E-9056-4785-8990-BA4AA5C9C71D" id="sid-D59A0F9E-9056-4785-8990-BA4AA5C9C71D_gui">
            <omgdc:Bounds height="80.0" width="100.0" x="320.0" y="195.0"/>
         </bpmndi:BPMNShape>
         <bpmndi:BPMNShape bpmnElement="sid-6DF02214-3B1A-4C72-859E-50B3B50A7191" id="sid-6DF02214-3B1A-4C72-859E-50B3B50A7191_gui">
            <omgdc:Bounds height="28.0" width="28.0" x="462.0" y="221.0"/>
         </bpmndi:BPMNShape>
         <bpmndi:BPMNEdge bpmnElement="sid-4599C078-2FBC-4DF4-95E7-41866C3C3B6E" id="sid-4599C078-2FBC-4DF4-95E7-41866C3C3B6E_gui">
            <omgdi:waypoint x="270.0" y="235.0"/>
            <omgdi:waypoint x="320.0" y="235.0"/>
         </bpmndi:BPMNEdge>
         <bpmndi:BPMNEdge bpmnElement="sid-EBC10BC8-0132-4288-8657-3B413BCE6F9C" id="sid-EBC10BC8-0132-4288-8657-3B413BCE6F9C_gui">
            <omgdi:waypoint x="420.0" y="235.0"/>
            <omgdi:waypoint x="462.0" y="235.0"/>
         </bpmndi:BPMNEdge>
      </bpmndi:BPMNPlane>
   </bpmndi:BPMNDiagram>
</definitions>
